Workbook

Sheet sequential
A1: SEQUENTIAL
A2: Matrix | B2: Metric | C2: Test 1 | D2: Test 2 | E2: Test 3 | F2: Test 4 | G2: Test 5 | H2: Test 6 | I2: Test 7 | J2: Test 8 | K2: Test 9 | L2: Test 10 | M2: Average | N2: Outlier | O2: 90th perc
A3: 1_little.mtx | B3: CPU [ms] | C3: 220 | D3: 210 | E3: 230 | F3: 220 | G3: 200 | H3: 230 | I3: 140 | J3: 240 | K3: 410 | L3: 270 | M3: =AVERAGE(C3:L3) -> 237 | N3: =MAX(C3:L3) -> 410 | O3: =_xlfn.PERCENTILE.INC(C3:L3, 0.9) -> 284
B4: REAL [ms] | C4: 221.704 | D4: 223.517 | E4: 221.68 | F4: 222.959 | G4: 205.415 | H4: 225.229 | I4: 136.005 | J4: 248.649 | K4: 420.568 | L4: 267.483 | M4: =AVERAGE(C4:L4) -> 239.3209 | N4: =MAX(C4:L4) -> 420.568 | O4: =_xlfn.PERCENTILE.INC(C4:L4, 0.9) -> 282.7915
A5: 2_small.mtx | B5: CPU [ms] | C5: 330 | D5: 330 | E5: 380 | F5: 330 | G5: 370 | H5: 820 | I5: 270 | J5: 400 | K5: 880 | L5: 560 | M5: =AVERAGE(C5:L5) -> 467 | N5: =MAX(C5:L5) -> 880 | O5: =_xlfn.PERCENTILE.INC(C5:L5, 0.9) -> 826
B6: REAL [ms] | C6: 331.161 | D6: 331.025 | E6: 375.384 | F6: 330.003 | G6: 362.534 | H6: 822.173 | I6: 262.019 | J6: 392.524 | K6: 875.947 | L6: 575.836 | M6: =AVERAGE(C6:L6) -> 465.8606 | N6: =MAX(C6:L6) -> 875.947 | O6: =_xlfn.PERCENTILE.INC(C6:L6, 0.9) -> 827.5504
A7: 3_medium.mtx | B7: CPU [ms] | C7: 690 | D7: 720 | E7: 710 | F7: 730 | G7: 630 | H7: 1040 | I7: 1450 | J7: 1060 | K7: 1130 | L7: 1110 | M7: =AVERAGE(C7:L7) -> 927 | N7: =MAX(C7:L7) -> 1450 | O7: =_xlfn.PERCENTILE.INC(C7:L7, 0.9) -> 1162
B8: REAL [ms] | C8: 699.056 | D8: 715.341 | E8: 714.033 | F8: 722.883 | G8: 633.285 | H8: 1045.82 | I8: 1461.3 | J8: 1069.67 | K8: 1142.23 | L8: 1116.22 | M8: =AVERAGE(C8:L8) -> 931.9838 | N8: =MAX(C8:L8) -> 1461.3 | O8: =_xlfn.PERCENTILE.INC(C8:L8, 0.9) -> 1174.137
A9: 4_big.mtx | B9: CPU [ms] | C9: 1230 | D9: 1180 | E9: 1210 | F9: 1210 | G9: 1190 | H9: 1150 | I9: 1410 | J9: 3120 | K9: 2320 | L9: 1690 | M9: =AVERAGE(C9:L9) -> 1571 | N9: =MAX(C9:L9) -> 3120 | O9: =_xlfn.PERCENTILE.INC(C9:L9, 0.9) -> 2400
B10: REAL [ms] | C10: 1233.12 | D10: 1183.09 | E10: 1211.16 | F10: 1203.01 | G10: 1197.86 | H10: 1152.22 | I10: 1416.55 | J10: 3124.88 | K10: 2319.6 | L10: 1688.96 | M10: =AVERAGE(C10:L10) -> 1573.045 | N10: =MAX(C10:L10) -> 3124.88 | O10: =_xlfn.PERCENTILE.INC(C10:L10, 0.9) -> 2400.128
A11: 5_huge.mtx | B11: CPU [ms] | C11: 2390 | D11: 2350 | E11: 2380 | F11: 2250 | G11: 2460 | H11: 4410 | I11: 3590 | J11: 2490 | K11: 3660 | L11: 3560 | M11: =AVERAGE(C11:L11) -> 2954 | N11: =MAX(C11:L11) -> 4410 | O11: =_xlfn.PERCENTILE.INC(C11:L11, 0.9) -> 3735
B12: REAL [ms] | C12: 2386.72 | D12: 2364.34 | E12: 2381.91 | F12: 2249.73 | G12: 2470.02 | H12: 4418.93 | I12: 3601.23 | J12: 2495.31 | K12: 3667.92 | L12: 3567.6 | M12: =AVERAGE(C12:L12) -> 2960.371 | N12: =MAX(C12:L12) -> 4418.93 | O12: =_xlfn.PERCENTILE.INC(C12:L12, 0.9) -> 3743.021

Sheet parallel_no_simd
A1: PARALLEL NO SIMD STATIC - 4 THREADS
A2: Matrix | B2: Metric | C2: Test 1 | D2: Test 2 | E2: Test 3 | F2: Test 4 | G2: Test 5 | H2: Test 6 | I2: Test 7 | J2: Test 8 | K2: Test 9 | L2: Test 10 | M2: Average | N2: Outlier | O2: 90th perc
A3: 1_little.mtx | B3: CPU [ms] | C3: 530 | D3: 350 | E3: 540 | F3: 360 | G3: 280 | H3: 290 | I3: 290 | J3: 350 | K3: 660 | L3: 300 | M3: =AVERAGE(C3:L3) -> 395 | N3: =MAX(C3:L3) -> 660 | O3: =_xlfn.PERCENTILE.INC(C3:L3, 0.9) -> 552
B4: REAL [ms] | C4: 552.043 | D4: 347.344 | E4: 531.363 | F4: 369.633 | G4: 295.791 | H4: 277.022 | I4: 283.868 | J4: 707.167 | K4: 1010.99 | L4: 607.186 | M4: =AVERAGE(C4:L4) -> 498.2407 | N4: =MAX(C4:L4) -> 1010.99 | O4: =_xlfn.PERCENTILE.INC(C4:L4, 0.9) -> 737.5493
A5: 2_small.mtx | B5: CPU [ms] | C5: 850 | D5: 790 | E5: 540 | F5: 490 | G5: 560 | H5: 510 | I5: 530 | J5: 560 | K5: 470 | L5: 490 | M5: =AVERAGE(C5:L5) -> 579 | N5: =MAX(C5:L5) -> 850 | O5: =_xlfn.PERCENTILE.INC(C5:L5, 0.9) -> 796
B6: REAL [ms] | C6: 1487.8 | D6: 1615.1 | E6: 1025.23 | F6: 492.981 | G6: 560.516 | H6: 729.551 | I6: 766.37 | J6: 632.833 | K6: 759.704 | L6: 936.146 | M6: =AVERAGE(C6:L6) -> 900.6231 | N6: =MAX(C6:L6) -> 1615.1 | O6: =_xlfn.PERCENTILE.INC(C6:L6, 0.9) -> 1500.53
A7: 3_medium.mtx | B7: CPU [ms] | C7: 1450 | D7: 1100 | E7: 2500 | F7: 1560 | G7: 1000 | H7: 840 | I7: 930 | J7: 840 | K7: 1120 | L7: 1000 | M7: =AVERAGE(C7:L7) -> 1234 | N7: =MAX(C7:L7) -> 2500 | O7: =_xlfn.PERCENTILE.INC(C7:L7, 0.9) -> 1654
B8: REAL [ms] | C8: 1587.18 | D8: 1402.95 | E8: 5173.04 | F8: 2817.57 | G8: 989.265 | H8: 930.694 | I8: 1236.79 | J8: 863.19 | K8: 1562.23 | L8: 1046.01 | M8: =AVERAGE(C8:L8) -> 1760.8919 | N8: =MAX(C8:L8) -> 5173.04 | O8: =_xlfn.PERCENTILE.INC(C8:L8, 0.9) -> 3053.117
A9: 4_big.mtx | B9: CPU [ms] | C9: 3130 | D9: 1870 | E9: 2360 | F9: 4170 | G9: 1470 | H9: 1390 | I9: 3150 | J9: 2020 | K9: 2060 | L9: 1770 | M9: =AVERAGE(C9:L9) -> 2339 | N9: =MAX(C9:L9) -> 4170 | O9: =_xlfn.PERCENTILE.INC(C9:L9, 0.9) -> 3252
B10: REAL [ms] | C10: 4814.4 | D10: 2566.82 | E10: 3137.05 | F10: 4900.39 | G10: 1703.35 | H10: 1499.69 | I10: 4351.65 | J10: 2285.4 | K10: 3032.99 | L10: 2459.6 | M10: =AVERAGE(C10:L10) -> 3075.134 | N10: =MAX(C10:L10) -> 4900.39 | O10: =_xlfn.PERCENTILE.INC(C10:L10, 0.9) -> 4822.999
A11: 5_huge.mtx | B11: CPU [ms] | C11: 5490 | D11: 4870 | E11: 7890 | F11: 6620 | G11: 2950 | H11: 3990 | I11: 3360 | J11: 4070 | K11: 3540 | L11: 3450 | M11: =AVERAGE(C11:L11) -> 4623 | N11: =MAX(C11:L11) -> 7890 | O11: =_xlfn.PERCENTILE.INC(C11:L11, 0.9) -> 6747
B12: REAL [ms] | C12: 8060.13 | D12: 6050.85 | E12: 10970.3 | F12: 10151.5 | G12: 5170.02 | H12: 4479.26 | I12: 4572.53 | J12: 4310.49 | K12: 4294.33 | L12: 3794.21 | M12: =AVERAGE(C12:L12) -> 6185.362 | N12: =MAX(C12:L12) -> 10970.3 | O12: =_xlfn.PERCENTILE.INC(C12:L12, 0.9) -> 10233.38
A14: PARALLEL NO SIMD DYNAMIC - 4 THREADS
A15: Matrix | B15: Metric | C15: Test 1 | D15: Test 2 | E15: Test 3 | F15: Test 4 | G15: Test 5 | H15: Test 6 | I15: Test 7 | J15: Test 8 | K15: Test 9 | L15: Test 10 | M15: Average | N15: Outlier | O15: 90th perc
A16: 1_little.mtx | B16: CPU [ms] | C16: 510 | D16: 480 | E16: 410 | F16: 500 | G16: 310 | H16: 310 | I16: 250 | J16: 510 | K16: 470 | L16: 590 | M16: =AVERAGE(C16:L16) -> 434 | N16: =MAX(C16:L16) -> 590 | O16: =_xlfn.PERCENTILE.INC(C16:L16, 0.9) -> 518
B17: REAL [ms] | C17: 524.075 | D17: 898.988 | E17: 414.799 | F17: 519.337 | G17: 307.435 | H17: 312.319 | I17: 251.764 | J17: 624.512 | K17: 823.454 | L17: 933.974 | M17: =AVERAGE(C17:L17) -> 561.0657 | N17: =MAX(C17:L17) -> 933.974 | O17: =_xlfn.PERCENTILE.INC(C17:L17, 0.9) -> 902.4866
A18: 2_small.mtx | B18: CPU [ms] | C18: 800 | D18: 1070 | E18: 780 | F18: 820 | G18: 1030 | H18: 640 | I18: 600 | J18: 1050 | K18: 970 | L18: 1070 | M18: =AVERAGE(C18:L18) -> 883 | N18: =MAX(C18:L18) -> 1070 | O18: =_xlfn.PERCENTILE.INC(C18:L18, 0.9) -> 1070
B19: REAL [ms] | C19: 821.741 | D19: 1141.09 | E19: 968.93 | F19: 1099.13 | G19: 2337.36 | H19: 708.056 | I19: 608.308 | J19: 1157.59 | K19: 987.034 | L19: 1244.5 | M19: =AVERAGE(C19:L19) -> 1107.3739 | N19: =MAX(C19:L19) -> 2337.36 | O19: =_xlfn.PERCENTILE.INC(C19:L19, 0.9) -> 1353.786
A20: 3_medium.mtx | B20: CPU [ms] | C20: 1130 | D20: 1350 | E20: 1330 | F20: 910 | G20: 1810 | H20: 1910 | I20: 1230 | J20: 1680 | K20: 1140 | L20: 2680 | M20: =AVERAGE(C20:L20) -> 1517 | N20: =MAX(C20:L20) -> 2680 | O20: =_xlfn.PERCENTILE.INC(C20:L20, 0.9) -> 1987
B21: REAL [ms] | C21: 1128.09 | D21: 1343.27 | E21: 1341.16 | F21: 918.465 | G21: 3309.69 | H21: 1918.84 | I21: 2515.71 | J21: 1682.46 | K21: 2285.84 | L21: 2700.98 | M21: =AVERAGE(C21:L21) -> 1914.4505 | N21: =MAX(C21:L21) -> 3309.69 | O21: =_xlfn.PERCENTILE.INC(C21:L21, 0.9) -> 2761.851
A22: 4_big.mtx | B22: CPU [ms] | C22: 2910 | D22: 4180 | E22: 2650 | F22: 3220 | G22: 2290 | H22: 3200 | I22: 1660 | J22: 2730 | K22: 2100 | L22: 6270 | M22: =AVERAGE(C22:L22) -> 3121 | N22: =MAX(C22:L22) -> 6270 | O22: =_xlfn.PERCENTILE.INC(C22:L22, 0.9) -> 4389
B23: REAL [ms] | C23: 2923.13 | D23: 4181.91 | E23: 2655.24 | F23: 4171.11 | G23: 2301.96 | H23: 3627.83 | I23: 1663.24 | J23: 2753.89 | K23: 2120.05 | L23: 7584.49 | M23: =AVERAGE(C23:L23) -> 3398.285 | N23: =MAX(C23:L23) -> 7584.49 | O23: =_xlfn.PERCENTILE.INC(C23:L23, 0.9) -> 4522.168
A24: 5_huge.mtx | B24: CPU [ms] | C24: 2720 | D24: 5180 | E24: 5320 | F24: 2680 | G24: 3870 | H24: 2880 | I24: 4920 | J24: 9120 | K24: 3920 | L24: 5510 | M24: =AVERAGE(C24:L24) -> 4612 | N24: =MAX(C24:L24) -> 9120 | O24: =_xlfn.PERCENTILE.INC(C24:L24, 0.9) -> 5871
B25: REAL [ms] | C25: 2722.72 | D25: 10022.7 | E25: 7333.78 | F25: 2686.66 | G25: 3872.89 | H25: 2892 | I25: 5123.9 | J25: 9140.31 | K25: 3935.12 | L25: 8573.51 | M25: =AVERAGE(C25:L25) -> 5630.359 | N25: =MAX(C25:L25) -> 10022.7 | O25: =_xlfn.PERCENTILE.INC(C25:L25, 0.9) -> 9228.549
A27: PARALLEL NO SIMD GUIDED - 4 THREADS
A28: Matrix | B28: Metric | C28: Test 1 | D28: Test 2 | E28: Test 3 | F28: Test 4 | G28: Test 5 | H28: Test 6 | I28: Test 7 | J28: Test 8 | K28: Test 9 | L28: Test 10 | M28: Average | N28: Outlier | O28: 90th perc
A29: 1_little.mtx | B29: CPU [ms] | C29: 390 | D29: 270 | E29: 700 | F29: 320 | G29: 330 | H29: 180 | I29: 480 | J29: 180 | K29: 210 | L29: 270 | M29: =AVERAGE(C29:L29) -> 333 | N29: =MAX(C29:L29) -> 700 | O29: =_xlfn.PERCENTILE.INC(C29:L29, 0.9) -> 502
B30: REAL [ms] | C30: 388.97 | D30: 266.247 | E30: 704.601 | F30: 320.097 | G30: 329.796 | H30: 170.962 | I30: 472.132 | J30: 180.634 | K30: 198.888 | L30: 277.013 | M30: =AVERAGE(C30:L30) -> 330.934 | N30: =MAX(C30:L30) -> 704.601 | O30: =_xlfn.PERCENTILE.INC(C30:L30, 0.9) -> 495.3789
A31: 2_small.mtx | B31: CPU [ms] | C31: 900 | D31: 1070 | E31: 610 | F31: 540 | G31: 920 | H31: 670 | I31: 880 | J31: 980 | K31: 600 | L31: 900 | M31: =AVERAGE(C31:L31) -> 807 | N31: =MAX(C31:L31) -> 1070 | O31: =_xlfn.PERCENTILE.INC(C31:L31, 0.9) -> 989
B32: REAL [ms] | C32: 908.926 | D32: 1069.92 | E32: 611.748 | F32: 553.338 | G32: 921.413 | H32: 679.125 | I32: 884.265 | J32: 971.043 | K32: 594.371 | L32: 902.906 | M32: =AVERAGE(C32:L32) -> 809.7055 | N32: =MAX(C32:L32) -> 1069.92 | O32: =_xlfn.PERCENTILE.INC(C32:L32, 0.9) -> 980.9307
A33: 3_medium.mtx | B33: CPU [ms] | C33: 1960 | D33: 810 | E33: 1670 | F33: 1570 | G33: 1300 | H33: 1190 | I33: 1640 | J33: 1670 | K33: 790 | L33: 1780 | M33: =AVERAGE(C33:L33) -> 1438 | N33: =MAX(C33:L33) -> 1960 | O33: =_xlfn.PERCENTILE.INC(C33:L33, 0.9) -> 1798
B34: REAL [ms] | C34: 1960.23 | D34: 808.807 | E34: 1675.32 | F34: 1572.53 | G34: 1304.17 | H34: 1189.72 | I34: 1652.18 | J34: 1681.93 | K34: 789.96 | L34: 1780.88 | M34: =AVERAGE(C34:L34) -> 1441.5727 | N34: =MAX(C34:L34) -> 1960.23 | O34: =_xlfn.PERCENTILE.INC(C34:L34, 0.9) -> 1798.815
A35: 4_big.mtx | B35: CPU [ms] | C35: 3180 | D35: 1850 | E35: 3670 | F35: 2720 | G35: 2710 | H35: 3680 | I35: 3430 | J35: 3290 | K35: 2660 | L35: 3200 | M35: =AVERAGE(C35:L35) -> 3039 | N35: =MAX(C35:L35) -> 3680 | O35: =_xlfn.PERCENTILE.INC(C35:L35, 0.9) -> 3671
B36: REAL [ms] | C36: 3180.45 | D36: 1853.15 | E36: 3682.4 | F36: 2719.59 | G36: 2719.8 | H36: 3691.07 | I36: 3436.49 | J36: 3286.47 | K36: 2660.35 | L36: 3201.19 | M36: =AVERAGE(C36:L36) -> 3043.096 | N36: =MAX(C36:L36) -> 3691.07 | O36: =_xlfn.PERCENTILE.INC(C36:L36, 0.9) -> 3683.267
A37: 5_huge.mtx | B37: CPU [ms] | C37: 4610 | D37: 6530 | E37: 6570 | F37: 6010 | G37: 5690 | H37: 5760 | I37: 4240 | J37: 3380 | K37: 4350 | L37: 3970 | M37: =AVERAGE(C37:L37) -> 5111 | N37: =MAX(C37:L37) -> 6570 | O37: =_xlfn.PERCENTILE.INC(C37:L37, 0.9) -> 6534
B38: REAL [ms] | C38: 4623.51 | D38: 6546.8 | E38: 6596.93 | F38: 6024.49 | G38: 5711.95 | H38: 5771.58 | I38: 4250.47 | J38: 3387.67 | K38: 4374.52 | L38: 3975.27 | M38: =AVERAGE(C38:L38) -> 5126.319 | N38: =MAX(C38:L38) -> 6596.93 | O38: =_xlfn.PERCENTILE.INC(C38:L38, 0.9) -> 6551.813
A42: PARALLEL NO SIMD STATIC - 8 THREADS
A43: Matrix | B43: Metric | C43: Test 1 | D43: Test 2 | E43: Test 3 | F43: Test 4 | G43: Test 5 | H43: Test 6 | I43: Test 7 | J43: Test 8 | K43: Test 9 | L43: Test 10 | M43: Average | N43: Outlier | O43: 90th perc
A44: 1_little.mtx | B44: CPU [ms] | C44: 160 | D44: 380 | E44: 270 | F44: 210 | G44: 160 | H44: 210 | I44: 150 | J44: 290 | K44: 310 | L44: 320 | M44: =AVERAGE(C44:L44) -> 246 | N44: =MAX(C44:L44) -> 380 | O44: =_xlfn.PERCENTILE.INC(C44:L44, 0.9) -> 326
B45: REAL [ms] | C45: 156.901 | D45: 381.921 | E45: 271.721 | F45: 220.016 | G45: 155.684 | H45: 195.978 | I45: 146.72 | J45: 279.756 | K45: 306.102 | L45: 325.008 | M45: =AVERAGE(C45:L45) -> 243.9807 | N45: =MAX(C45:L45) -> 381.921 | O45: =_xlfn.PERCENTILE.INC(C45:L45, 0.9) -> 330.6993
A46: 2_small.mtx | B46: CPU [ms] | C46: 310 | D46: 340 | E46: 700 | F46: 290 | G46: 290 | H46: 350 | I46: 350 | J46: 490 | K46: 610 | L46: 580 | M46: =AVERAGE(C46:L46) -> 431 | N46: =MAX(C46:L46) -> 700 | O46: =_xlfn.PERCENTILE.INC(C46:L46, 0.9) -> 619
B47: REAL [ms] | C47: 320.63 | D47: 344.729 | E47: 710.027 | F47: 296.896 | G47: 294.245 | H47: 354.059 | I47: 347.099 | J47: 485.165 | K47: 618.505 | L47: 591.792 | M47: =AVERAGE(C47:L47) -> 436.3147 | N47: =MAX(C47:L47) -> 710.027 | O47: =_xlfn.PERCENTILE.INC(C47:L47, 0.9) -> 627.6572
A48: 3_medium.mtx | B48: CPU [ms] | C48: 640 | D48: 1180 | E48: 880 | F48: 530 | G48: 620 | H48: 680 | I48: 580 | J48: 1110 | K48: 1160 | L48: 1090 | M48: =AVERAGE(C48:L48) -> 847 | N48: =MAX(C48:L48) -> 1180 | O48: =_xlfn.PERCENTILE.INC(C48:L48, 0.9) -> 1162
B49: REAL [ms] | C49: 640.955 | D49: 1180.48 | E49: 885.135 | F49: 526.204 | G49: 618.724 | H49: 683.061 | I49: 578.403 | J49: 1103.42 | K49: 1154.44 | L49: 1076.93 | M49: =AVERAGE(C49:L49) -> 844.7752 | N49: =MAX(C49:L49) -> 1180.48 | O49: =_xlfn.PERCENTILE.INC(C49:L49, 0.9) -> 1157.044
A50: 4_big.mtx | B50: CPU [ms] | C50: 1190 | D50: 2010 | E50: 2070 | F50: 1060 | G50: 1030 | H50: 980 | I50: 950 | J50: 2220 | K50: 1880 | L50: 2300 | M50: =AVERAGE(C50:L50) -> 1569 | N50: =MAX(C50:L50) -> 2300 | O50: =_xlfn.PERCENTILE.INC(C50:L50, 0.9) -> 2228
B51: REAL [ms] | C51: 1187.79 | D51: 2007.19 | E51: 2065.71 | F51: 1064.02 | G51: 1027.98 | H51: 976.401 | I51: 952.503 | J51: 2224.57 | K51: 1884.8 | L51: 2313.7 | M51: =AVERAGE(C51:L51) -> 1570.4664 | N51: =MAX(C51:L51) -> 2313.7 | O51: =_xlfn.PERCENTILE.INC(C51:L51, 0.9) -> 2233.483
A52: 5_huge.mtx | B52: CPU [ms] | C52: 2000 | D52: 3930 | E52: 3060 | F52: 1930 | G52: 1960 | H52: 1940 | I52: 5090 | J52: 3920 | K52: 6000 | L52: 4930 | M52: =AVERAGE(C52:L52) -> 3476 | N52: =MAX(C52:L52) -> 6000 | O52: =_xlfn.PERCENTILE.INC(C52:L52, 0.9) -> 5181
B53: REAL [ms] | C53: 2007.9 | D53: 3925.29 | E53: 3061.65 | F53: 1934.09 | G53: 1962.14 | H53: 1957.9 | I53: 5104.3 | J53: 3935.57 | K53: 6005.59 | L53: 4945.18 | M53: =AVERAGE(C53:L53) -> 3483.961 | N53: =MAX(C53:L53) -> 6005.59 | O53: =_xlfn.PERCENTILE.INC(C53:L53, 0.9) -> 5194.429
A55: PARALLEL NO SIMD DYNAMIC - 8 THREADS
A56: Matrix | B56: Metric | C56: Test 1 | D56: Test 2 | E56: Test 3 | F56: Test 4 | G56: Test 5 | H56: Test 6 | I56: Test 7 | J56: Test 8 | K56: Test 9 | L56: Test 10 | M56: Average | N56: Outlier | O56: 90th perc
A57: 1_little.mtx | B57: CPU [ms] | C57: 500 | D57: 380 | E57: 400 | F57: 330 | G57: 350 | H57: 180 | I57: 720 | J57: 420 | K57: 500 | L57: 290 | M57: =AVERAGE(C57:L57) -> 407 | N57: =MAX(C57:L57) -> 720 | O57: =_xlfn.PERCENTILE.INC(C57:L57, 0.9) -> 522
B58: REAL [ms] | C58: 507.379 | D58: 372.175 | E58: 398.639 | F58: 317.454 | G58: 357.005 | H58: 182.423 | I58: 721.623 | J58: 417.36 | K58: 495.599 | L58: 296.383 | M58: =AVERAGE(C58:L58) -> 406.604 | N58: =MAX(C58:L58) -> 721.623 | O58: =_xlfn.PERCENTILE.INC(C58:L58, 0.9) -> 528.8034
A59: 2_small.mtx | B59: CPU [ms] | C59: 690 | D59: 810 | E59: 1080 | F59: 770 | G59: 710 | H59: 550 | I59: 480 | J59: 610 | K59: 410 | L59: 520 | M59: =AVERAGE(C59:L59) -> 663 | N59: =MAX(C59:L59) -> 1080 | O59: =_xlfn.PERCENTILE.INC(C59:L59, 0.9) -> 837
B60: REAL [ms] | C60: 695.34 | D60: 809.111 | E60: 1075.93 | F60: 780.311 | G60: 711.028 | H60: 547.594 | I60: 475.974 | J60: 605.446 | K60: 406.749 | L60: 504.548 | M60: =AVERAGE(C60:L60) -> 661.2031 | N60: =MAX(C60:L60) -> 1075.93 | O60: =_xlfn.PERCENTILE.INC(C60:L60, 0.9) -> 835.7929
A61: 3_medium.mtx | B61: CPU [ms] | C61: 1810 | D61: 1050 | E61: 2540 | F61: 2970 | G61: 870 | H61: 730 | I61: 760 | J61: 1020 | K61: 940 | L61: 1000 | M61: =AVERAGE(C61:L61) -> 1369 | N61: =MAX(C61:L61) -> 2970 | O61: =_xlfn.PERCENTILE.INC(C61:L61, 0.9) -> 2583
B62: REAL [ms] | C62: 1822.2 | D62: 1051.49 | E62: 2536.6 | F62: 2973.76 | G62: 872.026 | H62: 726.117 | I62: 756.35 | J62: 1023.45 | K62: 944.07 | L62: 1007.67 | M62: =AVERAGE(C62:L62) -> 1371.3733 | N62: =MAX(C62:L62) -> 2973.76 | O62: =_xlfn.PERCENTILE.INC(C62:L62, 0.9) -> 2580.316
A63: 4_big.mtx | B63: CPU [ms] | C63: 5240 | D63: 4810 | E63: 3210 | F63: 4500 | G63: 2210 | H63: 1470 | I63: 1880 | J63: 2880 | K63: 1350 | L63: 2240 | M63: =AVERAGE(C63:L63) -> 2979 | N63: =MAX(C63:L63) -> 5240 | O63: =_xlfn.PERCENTILE.INC(C63:L63, 0.9) -> 4853
B64: REAL [ms] | C64: 5253.17 | D64: 4822.36 | E64: 3217.67 | F64: 4512.84 | G64: 2222.6 | H64: 1472.92 | I64: 1881.48 | J64: 2886.01 | K64: 1344.19 | L64: 2247.86 | M64: =AVERAGE(C64:L64) -> 2986.11 | N64: =MAX(C64:L64) -> 5253.17 | O64: =_xlfn.PERCENTILE.INC(C64:L64, 0.9) -> 4865.441
A65: 5_huge.mtx | B65: CPU [ms] | C65: 6190 | D65: 7530 | E65: 4100 | F65: 8010 | G65: 2720 | H65: 2590 | I65: 5860 | J65: 4100 | K65: 3240 | L65: 4860 | M65: =AVERAGE(C65:L65) -> 4920 | N65: =MAX(C65:L65) -> 8010 | O65: =_xlfn.PERCENTILE.INC(C65:L65, 0.9) -> 7578
B66: REAL [ms] | C66: 6200.58 | D66: 7546.29 | E66: 4106.41 | F66: 8022.89 | G66: 2715.89 | H66: 2596.47 | I66: 5872.39 | J66: 4103.72 | K66: 3235.63 | L66: 4874.03 | M66: =AVERAGE(C66:L66) -> 4927.43 | N66: =MAX(C66:L66) -> 8022.89 | O66: =_xlfn.PERCENTILE.INC(C66:L66, 0.9) -> 7593.95
A68: PARALLEL NO SIMD GUIDED - 8 THREADS
A69: Matrix | B69: Metric | C69: Test 1 | D69: Test 2 | E69: Test 3 | F69: Test 4 | G69: Test 5 | H69: Test 6 | I69: Test 7 | J69: Test 8 | K69: Test 9 | L69: Test 10 | M69: Average | N69: Outlier | O69: 90th perc
A70: 1_little.mtx | B70: CPU [ms] | C70: 160 | D70: 190 | E70: 160 | F70: 190 | G70: 120 | H70: 170 | I70: 180 | J70: 130 | K70: 130 | L70: 230 | M70: =AVERAGE(C70:L70) -> 166 | N70: =MAX(C70:L70) -> 230 | O70: =_xlfn.PERCENTILE.INC(C70:L70, 0.9) -> 194
B71: REAL [ms] | C71: 159.437 | D71: 195.418 | E71: 158.052 | F71: 186.852 | G71: 130.116 | H71: 157.039 | I71: 182.265 | J71: 128.868 | K71: 128.573 | L71: 229.823 | M71: =AVERAGE(C71:L71) -> 165.6443 | N71: =MAX(C71:L71) -> 229.823 | O71: =_xlfn.PERCENTILE.INC(C71:L71, 0.9) -> 198.8585
A72: 2_small.mtx | B72: CPU [ms] | C72: 380 | D72: 410 | E72: 300 | F72: 350 | G72: 400 | H72: 340 | I72: 340 | J72: 240 | K72: 320 | L72: 330 | M72: =AVERAGE(C72:L72) -> 341 | N72: =MAX(C72:L72) -> 410 | O72: =_xlfn.PERCENTILE.INC(C72:L72, 0.9) -> 401
B73: REAL [ms] | C73: 379.192 | D73: 414.791 | E73: 287.712 | F73: 359.996 | G73: 408.031 | H73: 340.406 | I73: 333.629 | J73: 244.657 | K73: 323.462 | L73: 335.194 | M73: =AVERAGE(C73:L73) -> 342.707 | N73: =MAX(C73:L73) -> 414.791 | O73: =_xlfn.PERCENTILE.INC(C73:L73, 0.9) -> 408.707
A74: 3_medium.mtx | B74: CPU [ms] | C74: 780 | D74: 620 | E74: 490 | F74: 530 | G74: 630 | H74: 530 | I74: 730 | J74: 560 | K74: 540 | L74: 550 | M74: =AVERAGE(C74:L74) -> 596 | N74: =MAX(C74:L74) -> 780 | O74: =_xlfn.PERCENTILE.INC(C74:L74, 0.9) -> 735
B75: REAL [ms] | C75: 781.899 | D75: 617.289 | E75: 495.632 | F75: 525.045 | G75: 631.973 | H75: 542.644 | I75: 732.567 | J75: 558.424 | K75: 539.942 | L75: 562.695 | M75: =AVERAGE(C75:L75) -> 598.811 | N75: =MAX(C75:L75) -> 781.899 | O75: =_xlfn.PERCENTILE.INC(C75:L75, 0.9) -> 737.5002
A76: 4_big.mtx | B76: CPU [ms] | C76: 860 | D76: 970 | E76: 1170 | F76: 1280 | G76: 1400 | H76: 1090 | I76: 1090 | J76: 1280 | K76: 1210 | L76: 1190 | M76: =AVERAGE(C76:L76) -> 1154 | N76: =MAX(C76:L76) -> 1400 | O76: =_xlfn.PERCENTILE.INC(C76:L76, 0.9) -> 1292
B77: REAL [ms] | C77: 866.714 | D77: 964.073 | E77: 1178.96 | F77: 1290.33 | G77: 1408.23 | H77: 1100.41 | I77: 1091.16 | J77: 1279.87 | K77: 1219.37 | L77: 1196.71 | M77: =AVERAGE(C77:L77) -> 1159.5827 | N77: =MAX(C77:L77) -> 1408.23 | O77: =_xlfn.PERCENTILE.INC(C77:L77, 0.9) -> 1302.12
A78: 5_huge.mtx | B78: CPU [ms] | C78: 2180 | D78: 2020 | E78: 1890 | F78: 2320 | G78: 2200 | H78: 2170 | I78: 1540 | J78: 1830 | K78: 2080 | L78: 2240 | M78: =AVERAGE(C78:L78) -> 2047 | N78: =MAX(C78:L78) -> 2320 | O78: =_xlfn.PERCENTILE.INC(C78:L78, 0.9) -> 2248
B79: REAL [ms] | C79: 2188.69 | D79: 2023.2 | E79: 1889.53 | F79: 2310.94 | G79: 2197.02 | H79: 2173.17 | I79: 1539.91 | J79: 1838.7 | K79: 2081.67 | L79: 2257.45 | M79: =AVERAGE(C79:L79) -> 2050.028 | N79: =MAX(C79:L79) -> 2310.94 | O79: =_xlfn.PERCENTILE.INC(C79:L79, 0.9) -> 2262.799
A83: PARALLEL NO SIMD STATIC - 16 THREADS
A84: Matrix | B84: Metric | C84: Test 1 | D84: Test 2 | E84: Test 3 | F84: Test 4 | G84: Test 5 | H84: Test 6 | I84: Test 7 | J84: Test 8 | K84: Test 9 | L84: Test 10 | M84: Average | N84: Outlier | O84: 90th perc
A85: 1_little.mtx | B85: CPU [ms] | C85: 560 | D85: 640 | E85: 420 | F85: 630 | G85: 490 | H85: 510 | I85: 200 | J85: 670 | K85: 610 | L85: 570 | M85: =AVERAGE(C85:L85) -> 530 | N85: =MAX(C85:L85) -> 670 | O85: =_xlfn.PERCENTILE.INC(C85:L85, 0.9) -> 643
B86: REAL [ms] | C86: 557.224 | D86: 645.916 | E86: 425.563 | F86: 631.437 | G86: 503.451 | H86: 504.345 | I86: 201.886 | J86: 674.176 | K86: 610.667 | L86: 574.302 | M86: =AVERAGE(C86:L86) -> 532.8967 | N86: =MAX(C86:L86) -> 674.176 | O86: =_xlfn.PERCENTILE.INC(C86:L86, 0.9) -> 648.742
A87: 2_small.mtx | B87: CPU [ms] | C87: 370 | D87: 1010 | E87: 880 | F87: 1100 | G87: 950 | H87: 1060 | I87: 1210 | J87: 1190 | K87: 1130 | L87: 420 | M87: =AVERAGE(C87:L87) -> 932 | N87: =MAX(C87:L87) -> 1210 | O87: =_xlfn.PERCENTILE.INC(C87:L87, 0.9) -> 1192
B88: REAL [ms] | C88: 357.104 | D88: 1017.36 | E88: 873.115 | F88: 1093.63 | G88: 958.54 | H88: 1059.38 | I88: 1220.2 | J88: 1198.9 | K88: 1142.27 | L88: 433.431 | M88: =AVERAGE(C88:L88) -> 935.393 | N88: =MAX(C88:L88) -> 1220.2 | O88: =_xlfn.PERCENTILE.INC(C88:L88, 0.9) -> 1201.03
A89: 3_medium.mtx | B89: CPU [ms] | C89: 750 | D89: 1670 | E89: 2070 | F89: 1960 | G89: 2230 | H89: 1830 | I89: 740 | J89: 720 | K89: 670 | L89: 1920 | M89: =AVERAGE(C89:L89) -> 1456 | N89: =MAX(C89:L89) -> 2230 | O89: =_xlfn.PERCENTILE.INC(C89:L89, 0.9) -> 2086
B90: REAL [ms] | C90: 745.741 | D90: 1677.66 | E90: 2081.86 | F90: 1951.83 | G90: 2229.67 | H90: 1837.46 | I90: 735.592 | J90: 710.553 | K90: 671.522 | L90: 1922.01 | M90: =AVERAGE(C90:L90) -> 1456.3898 | N90: =MAX(C90:L90) -> 2229.67 | O90: =_xlfn.PERCENTILE.INC(C90:L90, 0.9) -> 2096.641
A91: 4_big.mtx | B91: CPU [ms] | C91: 3800 | D91: 3560 | E91: 4100 | F91: 3650 | G91: 1050 | H91: 3100 | I91: 3610 | J91: 3400 | K91: 1260 | L91: 2590 | M91: =AVERAGE(C91:L91) -> 3012 | N91: =MAX(C91:L91) -> 4100 | O91: =_xlfn.PERCENTILE.INC(C91:L91, 0.9) -> 3830
B92: REAL [ms] | C92: 3811.86 | D92: 3570.04 | E92: 4100.87 | F92: 3651.42 | G92: 1057.16 | H92: 3102.16 | I92: 3619.13 | J92: 3416.05 | K92: 1258.47 | L92: 2579.55 | M92: =AVERAGE(C92:L92) -> 3016.671 | N92: =MAX(C92:L92) -> 4100.87 | O92: =_xlfn.PERCENTILE.INC(C92:L92, 0.9) -> 3840.761
A93: 5_huge.mtx | B93: CPU [ms] | C93: 6130 | D93: 6180 | E93: 6370 | F93: 6410 | G93: 2020 | H93: 6590 | I93: 1950 | J93: 1890 | K93: 7150 | L93: 2450 | M93: =AVERAGE(C93:L93) -> 4714 | N93: =MAX(C93:L93) -> 7150 | O93: =_xlfn.PERCENTILE.INC(C93:L93, 0.9) -> 6646
B94: REAL [ms] | C94: 6146.33 | D94: 6191.42 | E94: 6378.43 | F94: 6419.35 | G94: 2035.82 | H94: 6600.56 | I94: 1951.83 | J94: 1905.72 | K94: 7159.64 | L94: 2452.07 | M94: =AVERAGE(C94:L94) -> 4724.117 | N94: =MAX(C94:L94) -> 7159.64 | O94: =_xlfn.PERCENTILE.INC(C94:L94, 0.9) -> 6656.468
A96: PARALLEL NO SIMD DYNAMIC - 16 THREADS
A97: Matrix | B97: Metric | C97: Test 1 | D97: Test 2 | E97: Test 3 | F97: Test 4 | G97: Test 5 | H97: Test 6 | I97: Test 7 | J97: Test 8 | K97: Test 9 | L97: Test 10 | M97: Average | N97: Outlier | O97: 90th perc
A98: 1_little.mtx | B98: CPU [ms] | C98: 580 | D98: 290 | E98: 810 | F98: 240 | G98: 870 | H98: 920 | I98: 160 | J98: 350 | K98: 1160 | L98: 1090 | M98: =AVERAGE(C98:L98) -> 647 | N98: =MAX(C98:L98) -> 1160 | O98: =_xlfn.PERCENTILE.INC(C98:L98, 0.9) -> 1097
B99: REAL [ms] | C99: 722.96 | D99: 295.418 | E99: 807.835 | F99: 242.125 | G99: 867.14 | H99: 1384.91 | I99: 165.056 | J99: 356.304 | K99: 1230.6 | L99: 1126.88 | M99: =AVERAGE(C99:L99) -> 719.9228 | N99: =MAX(C99:L99) -> 1384.91 | O99: =_xlfn.PERCENTILE.INC(C99:L99, 0.9) -> 1246.031
A100: 2_small.mtx | B100: CPU [ms] | C100: 1200 | D100: 500 | E100: 1590 | F100: 310 | G100: 1110 | H100: 2410 | I100: 570 | J100: 840 | K100: 860 | L100: 970 | M100: =AVERAGE(C100:L100) -> 1036 | N100: =MAX(C100:L100) -> 2410 | O100: =_xlfn.PERCENTILE.INC(C100:L100, 0.9) -> 1672
B101: REAL [ms] | C101: 1238.71 | D101: 501.619 | E101: 1603.38 | F101: 314.391 | G101: 1109.65 | H101: 3719.18 | I101: 568.751 | J101: 1129.07 | K101: 1626.51 | L101: 1958.93 | M101: =AVERAGE(C101:L101) -> 1377.0191 | N101: =MAX(C101:L101) -> 3719.18 | O101: =_xlfn.PERCENTILE.INC(C101:L101, 0.9) -> 2134.955
A102: 3_medium.mtx | B102: CPU [ms] | C102: 1240 | D102: 1600 | E102: 4250 | F102: 1240 | G102: 2300 | H102: 4390 | I102: 4940 | J102: 1100 | K102: 880 | L102: 1410 | M102: =AVERAGE(C102:L102) -> 2335 | N102: =MAX(C102:L102) -> 4940 | O102: =_xlfn.PERCENTILE.INC(C102:L102, 0.9) -> 4445
B103: REAL [ms] | C103: 1247.98 | D103: 1598.94 | E103: 4258.96 | F103: 1246.63 | G103: 2322.17 | H103: 4398.89 | I103: 7107.47 | J103: 1098.62 | K103: 879.817 | L103: 1409.9 | M103: =AVERAGE(C103:L103) -> 2556.9377 | N103: =MAX(C103:L103) -> 7107.47 | O103: =_xlfn.PERCENTILE.INC(C103:L103, 0.9) -> 4669.748
A104: 4_big.mtx | B104: CPU [ms] | C104: 3330 | D104: 3070 | E104: 3180 | F104: 3180 | G104: 2360 | H104: 2750 | I104: 4900 | J104: 2610 | K104: 3480 | L104: 3550 | M104: =AVERAGE(C104:L104) -> 3241 | N104: =MAX(C104:L104) -> 4900 | O104: =_xlfn.PERCENTILE.INC(C104:L104, 0.9) -> 3685
B105: REAL [ms] | C105: 3715.9 | D105: 3151.09 | E105: 3213.39 | F105: 3766.03 | G105: 2421.81 | H105: 2757.7 | I105: 6649.93 | J105: 2649.39 | K105: 7058.54 | L105: 5863.84 | M105: =AVERAGE(C105:L105) -> 4124.762 | N105: =MAX(C105:L105) -> 7058.54 | O105: =_xlfn.PERCENTILE.INC(C105:L105, 0.9) -> 6690.791
A106: 5_huge.mtx | B106: CPU [ms] | C106: 4550 | D106: 2990 | E106: 5960 | F106: 6900 | G106: 7680 | H106: 4090 | I106: 8200 | J106: 5960 | K106: 5950 | L106: 4770 | M106: =AVERAGE(C106:L106) -> 5705 | N106: =MAX(C106:L106) -> 8200 | O106: =_xlfn.PERCENTILE.INC(C106:L106, 0.9) -> 7732
B107: REAL [ms] | C107: 4571.49 | D107: 2985.7 | E107: 5965.54 | F107: 9059.76 | G107: 7968.17 | H107: 4086.47 | I107: 9006.51 | J107: 6263.89 | K107: 6651.7 | L107: 4832.45 | M107: =AVERAGE(C107:L107) -> 6139.168 | N107: =MAX(C107:L107) -> 9059.76 | O107: =_xlfn.PERCENTILE.INC(C107:L107, 0.9) -> 9011.835
A109: PARALLEL NO SIMD GUIDED - 16 THREADS
A110: Matrix | B110: Metric | C110: Test 1 | D110: Test 2 | E110: Test 3 | F110: Test 4 | G110: Test 5 | H110: Test 6 | I110: Test 7 | J110: Test 8 | K110: Test 9 | L110: Test 10 | M110: Average | N110: Outlier | O110: 90th perc
A111: 1_little.mtx | B111: CPU [ms] | C111: 180 | D111: 170 | E111: 180 | F111: 180 | G111: 170 | H111: 180 | I111: 180 | J111: 170 | K111: 180 | L111: 170 | M111: =AVERAGE(C111:L111) -> 176 | N111: =MAX(C111:L111) -> 180 | O111: =_xlfn.PERCENTILE.INC(C111:L111, 0.9) -> 180
B112: REAL [ms] | C112: 177.611 | D112: 179.353 | E112: 178.503 | F112: 177.828 | G112: 179.742 | H112: 180.1 | I112: 178.208 | J112: 180.166 | K112: 178.907 | L112: 177.07 | M112: =AVERAGE(C112:L112) -> 178.7488 | N112: =MAX(C112:L112) -> 180.166 | O112: =_xlfn.PERCENTILE.INC(C112:L112, 0.9) -> 180.1066
...

Sheet parallel_simd
A1: PARALLEL SIMD STATIC - 4 THREADS
A2: Matrix | B2: Metric | C2: Test 1 | D2: Test 2 | E2: Test 3 | F2: Test 4 | G2: Test 5 | H2: Test 6 | I2: Test 7 | J2: Test 8 | K2: Test 9 | L2: Test 10 | M2: Average | N2: Outlier | O2: 90th perc
A3: 1_little.mtx | B3: CPU [ms] | C3: 930 | D3: 210 | E3: 510 | F3: 970 | G3: 170 | H3: 160 | I3: 190 | J3: 150 | K3: 420 | L3: 190 | M3: =AVERAGE(C3:L3) -> 390 | N3: =MAX(C3:L3) -> 970 | O3: =_xlfn.PERCENTILE.INC(C3:L3, 0.9) -> 934
B4: REAL [ms] | C4: 937.563 | D4: 205.963 | E4: 547.507 | F4: 1181.8 | G4: 177.079 | H4: 155.01 | I4: 188.008 | J4: 144.597 | K4: 430.664 | L4: 190.981 | M4: =AVERAGE(C4:L4) -> 415.9172 | N4: =MAX(C4:L4) -> 1181.8 | O4: =_xlfn.PERCENTILE.INC(C4:L4, 0.9) -> 961.9867
A5: 2_small.mtx | B5: CPU [ms] | C5: 880 | D5: 1420 | E5: 1380 | F5: 1300 | G5: 840 | H5: 500 | I5: 530 | J5: 470 | K5: 840 | L5: 300 | M5: =AVERAGE(C5:L5) -> 846 | N5: =MAX(C5:L5) -> 1420 | O5: =_xlfn.PERCENTILE.INC(C5:L5, 0.9) -> 1384
B6: REAL [ms] | C6: 878.849 | D6: 1413.21 | E6: 1392.57 | F6: 1307.05 | G6: 849.961 | H6: 998.01 | I6: 531.803 | J6: 519.325 | K6: 970.214 | L6: 299.47 | M6: =AVERAGE(C6:L6) -> 916.0462 | N6: =MAX(C6:L6) -> 1413.21 | O6: =_xlfn.PERCENTILE.INC(C6:L6, 0.9) -> 1394.634
A7: 3_medium.mtx | B7: CPU [ms] | C7: 2140 | D7: 3130 | E7: 1230 | F7: 1010 | G7: 1660 | H7: 1260 | I7: 910 | J7: 960 | K7: 1340 | L7: 720 | M7: =AVERAGE(C7:L7) -> 1436 | N7: =MAX(C7:L7) -> 3130 | O7: =_xlfn.PERCENTILE.INC(C7:L7, 0.9) -> 2239
B8: REAL [ms] | C8: 2136.02 | D8: 3354.68 | E8: 1224.65 | F8: 1012.4 | G8: 1705.46 | H8: 1269.55 | I8: 921.689 | J8: 963.174 | K8: 1346.82 | L8: 723.579 | M8: =AVERAGE(C8:L8) -> 1465.8022 | N8: =MAX(C8:L8) -> 3354.68 | O8: =_xlfn.PERCENTILE.INC(C8:L8, 0.9) -> 2257.886
A9: 4_big.mtx | B9: CPU [ms] | C9: 5620 | D9: 3340 | E9: 3020 | F9: 1550 | G9: 2330 | H9: 2180 | I9: 1460 | J9: 940 | K9: 1870 | L9: 1020 | M9: =AVERAGE(C9:L9) -> 2333 | N9: =MAX(C9:L9) -> 5620 | O9: =_xlfn.PERCENTILE.INC(C9:L9, 0.9) -> 3568
B10: REAL [ms] | C10: 5633.82 | D10: 3358.96 | E10: 4375.73 | F10: 1555.09 | G10: 2335.15 | H10: 2187.8 | I10: 1457.2 | J10: 948.076 | K10: 1870.21 | L10: 1018.57 | M10: =AVERAGE(C10:L10) -> 2474.0606 | N10: =MAX(C10:L10) -> 5633.82 | O10: =_xlfn.PERCENTILE.INC(C10:L10, 0.9) -> 4501.539
A11: 5_huge.mtx | B11: CPU [ms] | C11: 8450 | D11: 8140 | E11: 7360 | F11: 4310 | G11: 4030 | H11: 1840 | I11: 1730 | J11: 2730 | K11: 2890 | L11: 1790 | M11: =AVERAGE(C11:L11) -> 4327 | N11: =MAX(C11:L11) -> 8450 | O11: =_xlfn.PERCENTILE.INC(C11:L11, 0.9) -> 8171
B12: REAL [ms] | C12: 8474.37 | D12: 10775.9 | E12: 8328.48 | F12: 4310.44 | G12: 4039.83 | H12: 1851.2 | I12: 1729.8 | J12: 2924.02 | K12: 2893.15 | L12: 1794.41 | M12: =AVERAGE(C12:L12) -> 4712.16 | N12: =MAX(C12:L12) -> 10775.9 | O12: =_xlfn.PERCENTILE.INC(C12:L12, 0.9) -> 8704.523
A14: PARALLEL SIMD DYNAMIC - 4 THREADS
A15: Matrix | B15: Metric | C15: Test 1 | D15: Test 2 | E15: Test 3 | F15: Test 4 | G15: Test 5 | H15: Test 6 | I15: Test 7 | J15: Test 8 | K15: Test 9 | L15: Test 10 | M15: Average | N15: Outlier | O15: 90th perc
A16: 1_little.mtx | B16: CPU [ms] | C16: 510 | D16: 270 | E16: 480 | F16: 220 | G16: 630 | H16: 370 | I16: 210 | J16: 300 | K16: 480 | L16: 260 | M16: =AVERAGE(C16:L16) -> 373 | N16: =MAX(C16:L16) -> 630 | O16: =_xlfn.PERCENTILE.INC(C16:L16, 0.9) -> 522
B17: REAL [ms] | C17: 518.568 | D17: 272.055 | E17: 486.399 | F17: 222.402 | G17: 621.928 | H17: 363.303 | I17: 213.177 | J17: 304.409 | K17: 481.876 | L17: 255.497 | M17: =AVERAGE(C17:L17) -> 373.9614 | N17: =MAX(C17:L17) -> 621.928 | O17: =_xlfn.PERCENTILE.INC(C17:L17, 0.9) -> 528.904
A18: 2_small.mtx | B18: CPU [ms] | C18: 600 | D18: 480 | E18: 610 | F18: 440 | G18: 680 | H18: 410 | I18: 570 | J18: 610 | K18: 630 | L18: 830 | M18: =AVERAGE(C18:L18) -> 586 | N18: =MAX(C18:L18) -> 830 | O18: =_xlfn.PERCENTILE.INC(C18:L18, 0.9) -> 695
B19: REAL [ms] | C19: 603.845 | D19: 478.017 | E19: 609.482 | F19: 442.278 | G19: 683.383 | H19: 407.811 | I19: 564.622 | J19: 618.206 | K19: 637.478 | L19: 832.042 | M19: =AVERAGE(C19:L19) -> 587.7164 | N19: =MAX(C19:L19) -> 832.042 | O19: =_xlfn.PERCENTILE.INC(C19:L19, 0.9) -> 698.2489
A20: 3_medium.mtx | B20: CPU [ms] | C20: 1810 | D20: 1810 | E20: 1090 | F20: 1800 | G20: 1100 | H20: 1130 | I20: 1770 | J20: 1190 | K20: 880 | L20: 940 | M20: =AVERAGE(C20:L20) -> 1352 | N20: =MAX(C20:L20) -> 1810 | O20: =_xlfn.PERCENTILE.INC(C20:L20, 0.9) -> 1810
B21: REAL [ms] | C21: 1819.78 | D21: 1810.89 | E21: 1100.33 | F21: 1800.85 | G21: 1097.97 | H21: 1130.46 | I21: 1777.17 | J21: 1193.51 | K21: 884.355 | L21: 943.76 | M21: =AVERAGE(C21:L21) -> 1355.9075 | N21: =MAX(C21:L21) -> 1819.78 | O21: =_xlfn.PERCENTILE.INC(C21:L21, 0.9) -> 1811.779
A22: 4_big.mtx | B22: CPU [ms] | C22: 3280 | D22: 2050 | E22: 3510 | F22: 1880 | G22: 4610 | H22: 3810 | I22: 2930 | J22: 3710 | K22: 1960 | L22: 2900 | M22: =AVERAGE(C22:L22) -> 3064 | N22: =MAX(C22:L22) -> 4610 | O22: =_xlfn.PERCENTILE.INC(C22:L22, 0.9) -> 3890
B23: REAL [ms] | C23: 3281.01 | D23: 2051.21 | E23: 3522.05 | F23: 1888.22 | G23: 4618.94 | H23: 3825.6 | I23: 2933.65 | J23: 3719.92 | K23: 1965.31 | L23: 2898.65 | M23: =AVERAGE(C23:L23) -> 3070.456 | N23: =MAX(C23:L23) -> 4618.94 | O23: =_xlfn.PERCENTILE.INC(C23:L23, 0.9) -> 3904.934
A24: 5_huge.mtx | B24: CPU [ms] | C24: 7140 | D24: 5740 | E24: 5740 | F24: 5890 | G24: 5140 | H24: 4390 | I24: 4670 | J24: 6540 | K24: 7200 | L24: 5580 | M24: =AVERAGE(C24:L24) -> 5803 | N24: =MAX(C24:L24) -> 7200 | O24: =_xlfn.PERCENTILE.INC(C24:L24, 0.9) -> 7146
B25: REAL [ms] | C25: 7146.63 | D25: 5756.65 | E25: 5751.46 | F25: 5903.05 | G25: 5160.98 | H25: 4404.44 | I25: 4676.74 | J25: 6558.54 | K25: 7216.65 | L25: 5594.42 | M25: =AVERAGE(C25:L25) -> 5816.956 | N25: =MAX(C25:L25) -> 7216.65 | O25: =_xlfn.PERCENTILE.INC(C25:L25, 0.9) -> 7153.632
A27: PARALLEL SIMD GUIDED - 4 THREADS
A28: Matrix | B28: Metric | C28: Test 1 | D28: Test 2 | E28: Test 3 | F28: Test 4 | G28: Test 5 | H28: Test 6 | I28: Test 7 | J28: Test 8 | K28: Test 9 | L28: Test 10 | M28: Average | N28: Outlier | O28: 90th perc
A29: 1_little.mtx | B29: CPU [ms] | C29: 180 | D29: 140 | E29: 120 | F29: 130 | G29: 140 | H29: 130 | I29: 150 | J29: 130 | K29: 170 | L29: 140 | M29: =AVERAGE(C29:L29) -> 143 | N29: =MAX(C29:L29) -> 180 | O29: =_xlfn.PERCENTILE.INC(C29:L29, 0.9) -> 171
B30: REAL [ms] | C30: 178.551 | D30: 143.17 | E30: 129.035 | F30: 130.648 | G30: 132.276 | H30: 131.796 | I30: 156.407 | J30: 130.524 | K30: 168.628 | L30: 136.167 | M30: =AVERAGE(C30:L30) -> 143.7202 | N30: =MAX(C30:L30) -> 178.551 | O30: =_xlfn.PERCENTILE.INC(C30:L30, 0.9) -> 169.6203
A31: 2_small.mtx | B31: CPU [ms] | C31: 390 | D31: 360 | E31: 340 | F31: 240 | G31: 260 | H31: 280 | I31: 340 | J31: 240 | K31: 310 | L31: 250 | M31: =AVERAGE(C31:L31) -> 301 | N31: =MAX(C31:L31) -> 390 | O31: =_xlfn.PERCENTILE.INC(C31:L31, 0.9) -> 363
B32: REAL [ms] | C32: 391.465 | D32: 364.945 | E32: 353.637 | F32: 246.991 | G32: 258.855 | H32: 282.803 | I32: 337.727 | J32: 246.543 | K32: 308.12 | L32: 249.823 | M32: =AVERAGE(C32:L32) -> 304.0909 | N32: =MAX(C32:L32) -> 391.465 | O32: =_xlfn.PERCENTILE.INC(C32:L32, 0.9) -> 367.597
A33: 3_medium.mtx | B33: CPU [ms] | C33: 600 | D33: 690 | E33: 600 | F33: 660 | G33: 510 | H33: 580 | I33: 580 | J33: 480 | K33: 460 | L33: 450 | M33: =AVERAGE(C33:L33) -> 561 | N33: =MAX(C33:L33) -> 690 | O33: =_xlfn.PERCENTILE.INC(C33:L33, 0.9) -> 663
B34: REAL [ms] | C34: 598.443 | D34: 693.675 | E34: 612.551 | F34: 667.219 | G34: 505.014 | H34: 587.689 | I34: 581.169 | J34: 475.444 | K34: 461.366 | L34: 461.998 | M34: =AVERAGE(C34:L34) -> 564.4568 | N34: =MAX(C34:L34) -> 693.675 | O34: =_xlfn.PERCENTILE.INC(C34:L34, 0.9) -> 669.8646
A35: 4_big.mtx | B35: CPU [ms] | C35: 930 | D35: 1300 | E35: 1180 | F35: 1270 | G35: 1020 | H35: 850 | I35: 1180 | J35: 880 | K35: 1310 | L35: 1250 | M35: =AVERAGE(C35:L35) -> 1117 | N35: =MAX(C35:L35) -> 1310 | O35: =_xlfn.PERCENTILE.INC(C35:L35, 0.9) -> 1301
B36: REAL [ms] | C36: 940.919 | D36: 1290.36 | E36: 1181.61 | F36: 1277.62 | G36: 1031.18 | H36: 851.646 | I36: 1168.51 | J36: 873.874 | K36: 1319.04 | L36: 1258.53 | M36: =AVERAGE(C36:L36) -> 1119.3289 | N36: =MAX(C36:L36) -> 1319.04 | O36: =_xlfn.PERCENTILE.INC(C36:L36, 0.9) -> 1293.228
A37: 5_huge.mtx | B37: CPU [ms] | C37: 1790 | D37: 1730 | E37: 2000 | F37: 2250 | G37: 1940 | H37: 2300 | I37: 2120 | J37: 1530 | K37: 2220 | L37: 2040 | M37: =AVERAGE(C37:L37) -> 1992 | N37: =MAX(C37:L37) -> 2300 | O37: =_xlfn.PERCENTILE.INC(C37:L37, 0.9) -> 2255
B38: REAL [ms] | C38: 1798.64 | D38: 1732.47 | E38: 2002.85 | F38: 2254.32 | G38: 1951.2 | H38: 2303.81 | I38: 2119.08 | J38: 1531.7 | K38: 2223.42 | L38: 2049.46 | M38: =AVERAGE(C38:L38) -> 1996.695 | N38: =MAX(C38:L38) -> 2303.81 | O38: =_xlfn.PERCENTILE.INC(C38:L38, 0.9) -> 2259.269
A42: PARALLEL SIMD STATIC - 8 THREADS
A43: Matrix | B43: Metric | C43: Test 1 | D43: Test 2 | E43: Test 3 | F43: Test 4 | G43: Test 5 | H43: Test 6 | I43: Test 7 | J43: Test 8 | K43: Test 9 | L43: Test 10 | M43: Average | N43: Outlier | O43: 90th perc
A44: 1_little.mtx | B44: CPU [ms] | C44: 170 | D44: 210 | E44: 170 | F44: 210 | G44: 150 | H44: 260 | I44: 220 | J44: 210 | K44: 140 | L44: 210 | M44: =AVERAGE(C44:L44) -> 195 | N44: =MAX(C44:L44) -> 260 | O44: =_xlfn.PERCENTILE.INC(C44:L44, 0.9) -> 224
B45: REAL [ms] | C45: 167.584 | D45: 215.659 | E45: 170.373 | F45: 209.661 | G45: 145.062 | H45: 509.657 | I45: 214.52 | J45: 223.478 | K45: 147.001 | L45: 397.376 | M45: =AVERAGE(C45:L45) -> 240.0371 | N45: =MAX(C45:L45) -> 509.657 | O45: =_xlfn.PERCENTILE.INC(C45:L45, 0.9) -> 408.6041
A46: 2_small.mtx | B46: CPU [ms] | C46: 300 | D46: 360 | E46: 270 | F46: 420 | G46: 360 | H46: 410 | I46: 470 | J46: 410 | K46: 280 | L46: 390 | M46: =AVERAGE(C46:L46) -> 367 | N46: =MAX(C46:L46) -> 470 | O46: =_xlfn.PERCENTILE.INC(C46:L46, 0.9) -> 425
B47: REAL [ms] | C47: 300.903 | D47: 361.024 | E47: 269.227 | F47: 655.283 | G47: 352.678 | H47: 466.52 | I47: 473.959 | J47: 719.326 | K47: 280.331 | L47: 426.625 | M47: =AVERAGE(C47:L47) -> 430.5876 | N47: =MAX(C47:L47) -> 719.326 | O47: =_xlfn.PERCENTILE.INC(C47:L47, 0.9) -> 661.6873
A48: 3_medium.mtx | B48: CPU [ms] | C48: 610 | D48: 620 | E48: 510 | F48: 620 | G48: 830 | H48: 640 | I48: 760 | J48: 660 | K48: 770 | L48: 580 | M48: =AVERAGE(C48:L48) -> 660 | N48: =MAX(C48:L48) -> 830 | O48: =_xlfn.PERCENTILE.INC(C48:L48, 0.9) -> 776
B49: REAL [ms] | C49: 608.871 | D49: 649.697 | E49: 508.033 | F49: 619.391 | G49: 989.513 | H49: 647.982 | I49: 977.125 | J49: 672.873 | K49: 995.199 | L49: 587.458 | M49: =AVERAGE(C49:L49) -> 725.6142 | N49: =MAX(C49:L49) -> 995.199 | O49: =_xlfn.PERCENTILE.INC(C49:L49, 0.9) -> 990.0816
A50: 4_big.mtx | B50: CPU [ms] | C50: 1390 | D50: 970 | E50: 1740 | F50: 940 | G50: 1440 | H50: 950 | I50: 1160 | J50: 990 | K50: 1540 | L50: 1800 | M50: =AVERAGE(C50:L50) -> 1292 | N50: =MAX(C50:L50) -> 1800 | O50: =_xlfn.PERCENTILE.INC(C50:L50, 0.9) -> 1746
B51: REAL [ms] | C51: 1413.19 | D51: 984.045 | E51: 3038.87 | F51: 939.489 | G51: 1637.44 | H51: 953.246 | I51: 1163.65 | J51: 992.407 | K51: 1673.3 | L51: 2342.76 | M51: =AVERAGE(C51:L51) -> 1513.8397 | N51: =MAX(C51:L51) -> 3038.87 | O51: =_xlfn.PERCENTILE.INC(C51:L51, 0.9) -> 2412.371
A52: 5_huge.mtx | B52: CPU [ms] | C52: 2430 | D52: 2420 | E52: 3080 | F52: 1860 | G52: 3160 | H52: 2580 | I52: 2590 | J52: 2610 | K52: 2620 | L52: 1650 | M52: =AVERAGE(C52:L52) -> 2500 | N52: =MAX(C52:L52) -> 3160 | O52: =_xlfn.PERCENTILE.INC(C52:L52, 0.9) -> 3088
B53: REAL [ms] | C53: 2951.3 | D53: 3548.3 | E53: 4456.56 | F53: 1861.91 | G53: 5401.65 | H53: 2570.02 | I53: 3795.49 | J53: 2613.38 | K53: 3904.24 | L53: 1663.72 | M53: =AVERAGE(C53:L53) -> 3276.657 | N53: =MAX(C53:L53) -> 5401.65 | O53: =_xlfn.PERCENTILE.INC(C53:L53, 0.9) -> 4551.069
A55: PARALLEL SIMD DYNAMIC - 8 THREADS
A56: Matrix | B56: Metric | C56: Test 1 | D56: Test 2 | E56: Test 3 | F56: Test 4 | G56: Test 5 | H56: Test 6 | I56: Test 7 | J56: Test 8 | K56: Test 9 | L56: Test 10 | M56: Average | N56: Outlier | O56: 90th perc
A57: 1_little.mtx | B57: CPU [ms] | C57: 420 | D57: 320 | E57: 240 | F57: 370 | G57: 350 | H57: 150 | I57: 150 | J57: 550 | K57: 240 | L57: 150 | M57: =AVERAGE(C57:L57) -> 294 | N57: =MAX(C57:L57) -> 550 | O57: =_xlfn.PERCENTILE.INC(C57:L57, 0.9) -> 433
B58: REAL [ms] | C58: 425.493 | D58: 319.811 | E58: 251.559 | F58: 368.027 | G58: 354.206 | H58: 154.066 | I58: 146.927 | J58: 994.486 | K58: 243.363 | L58: 149.558 | M58: =AVERAGE(C58:L58) -> 340.7496 | N58: =MAX(C58:L58) -> 994.486 | O58: =_xlfn.PERCENTILE.INC(C58:L58, 0.9) -> 482.3923
A59: 2_small.mtx | B59: CPU [ms] | C59: 1380 | D59: 610 | E59: 1360 | F59: 720 | G59: 800 | H59: 450 | I59: 270 | J59: 1040 | K59: 410 | L59: 790 | M59: =AVERAGE(C59:L59) -> 783 | N59: =MAX(C59:L59) -> 1380 | O59: =_xlfn.PERCENTILE.INC(C59:L59, 0.9) -> 1362
B60: REAL [ms] | C60: 1389.16 | D60: 608.646 | E60: 1400.78 | F60: 723.461 | G60: 806.392 | H60: 445.323 | I60: 277.537 | J60: 1061.49 | K60: 414.212 | L60: 795.023 | M60: =AVERAGE(C60:L60) -> 792.2024 | N60: =MAX(C60:L60) -> 1400.78 | O60: =_xlfn.PERCENTILE.INC(C60:L60, 0.9) -> 1390.322
A61: 3_medium.mtx | B61: CPU [ms] | C61: 1610 | D61: 1980 | E61: 2090 | F61: 3270 | G61: 3680 | H61: 1380 | I61: 870 | J61: 1700 | K61: 1150 | L61: 690 | M61: =AVERAGE(C61:L61) -> 1842 | N61: =MAX(C61:L61) -> 3680 | O61: =_xlfn.PERCENTILE.INC(C61:L61, 0.9) -> 3311
B62: REAL [ms] | C62: 1609.45 | D62: 2424.1 | E62: 2099.84 | F62: 3341.11 | G62: 3976.88 | H62: 1699.42 | I62: 876.172 | J62: 1702.55 | K62: 1176.91 | L62: 689.087 | M62: =AVERAGE(C62:L62) -> 1959.5519 | N62: =MAX(C62:L62) -> 3976.88 | O62: =_xlfn.PERCENTILE.INC(C62:L62, 0.9) -> 3404.687
A63: 4_big.mtx | B63: CPU [ms] | C63: 2490 | D63: 5810 | E63: 2940 | F63: 2400 | G63: 4840 | H63: 4330 | I63: 1460 | J63: 1960 | K63: 1660 | L63: 1580 | M63: =AVERAGE(C63:L63) -> 2947 | N63: =MAX(C63:L63) -> 5810 | O63: =_xlfn.PERCENTILE.INC(C63:L63, 0.9) -> 4937
B64: REAL [ms] | C64: 2498.74 | D64: 5823.55 | E64: 2954.28 | F64: 2417.56 | G64: 4851.92 | H64: 4342.65 | I64: 1465.43 | J64: 2051.28 | K64: 1661.58 | L64: 2363.71 | M64: =AVERAGE(C64:L64) -> 3043.07 | N64: =MAX(C64:L64) -> 5823.55 | O64: =_xlfn.PERCENTILE.INC(C64:L64, 0.9) -> 4949.083
A65: 5_huge.mtx | B65: CPU [ms] | C65: 5440 | D65: 3380 | E65: 3850 | F65: 5140 | G65: 1860 | H65: 1770 | I65: 2820 | J65: 4260 | K65: 1910 | L65: 2280 | M65: =AVERAGE(C65:L65) -> 3271 | N65: =MAX(C65:L65) -> 5440 | O65: =_xlfn.PERCENTILE.INC(C65:L65, 0.9) -> 5170
B66: REAL [ms] | C66: 5460.58 | D66: 3389.51 | E66: 3854.98 | F66: 5138.69 | G66: 1855.58 | H66: 1782.14 | I66: 3635.34 | J66: 4267.98 | K66: 1914.79 | L66: 2288.43 | M66: =AVERAGE(C66:L66) -> 3358.802 | N66: =MAX(C66:L66) -> 5460.58 | O66: =_xlfn.PERCENTILE.INC(C66:L66, 0.9) -> 5170.879
A68: PARALLEL SIMD GUIDED - 8 THREADS
A69: Matrix | B69: Metric | C69: Test 1 | D69: Test 2 | E69: Test 3 | F69: Test 4 | G69: Test 5 | H69: Test 6 | I69: Test 7 | J69: Test 8 | K69: Test 9 | L69: Test 10 | M69: Average | N69: Outlier | O69: 90th perc
A70: 1_little.mtx | B70: CPU [ms] | C70: 160 | D70: 170 | E70: 150 | F70: 160 | G70: 160 | H70: 180 | I70: 130 | J70: 130 | K70: 160 | L70: 130 | M70: =AVERAGE(C70:L70) -> 153 | N70: =MAX(C70:L70) -> 180 | O70: =_xlfn.PERCENTILE.INC(C70:L70, 0.9) -> 171
B71: REAL [ms] | C71: 165.854 | D71: 164.735 | E71: 166.957 | F71: 163.786 | G71: 164.153 | H71: 165.047 | I71: 130.244 | J71: 137.865 | K71: 163.723 | L71: 130.782 | M71: =AVERAGE(C71:L71) -> 155.3146 | N71: =MAX(C71:L71) -> 166.957 | O71: =_xlfn.PERCENTILE.INC(C71:L71, 0.9) -> 165.9643
A72: 2_small.mtx | B72: CPU [ms] | C72: 250 | D72: 250 | E72: 250 | F72: 240 | G72: 250 | H72: 240 | I72: 350 | J72: 250 | K72: 250 | L72: 370 | M72: =AVERAGE(C72:L72) -> 270 | N72: =MAX(C72:L72) -> 370 | O72: =_xlfn.PERCENTILE.INC(C72:L72, 0.9) -> 352
B73: REAL [ms] | C73: 242.35 | D73: 242.749 | E73: 244.625 | F73: 241.738 | G73: 241.657 | H73: 242.411 | I73: 351.36 | J73: 242.543 | K73: 242.733 | L73: 369.829 | M73: =AVERAGE(C73:L73) -> 266.1995 | N73: =MAX(C73:L73) -> 369.829 | O73: =_xlfn.PERCENTILE.INC(C73:L73, 0.9) -> 353.2069
A74: 3_medium.mtx | B74: CPU [ms] | C74: 610 | D74: 810 | E74: 640 | F74: 610 | G74: 610 | H74: 760 | I74: 530 | J74: 620 | K74: 620 | L74: 710 | M74: =AVERAGE(C74:L74) -> 652 | N74: =MAX(C74:L74) -> 810 | O74: =_xlfn.PERCENTILE.INC(C74:L74, 0.9) -> 765
B75: REAL [ms] | C75: 616.169 | D75: 809.967 | E75: 640.208 | F75: 617.035 | G75: 618.022 | H75: 760.197 | I75: 532.811 | J75: 618.072 | K75: 618.191 | L75: 698.113 | M75: =AVERAGE(C75:L75) -> 652.8785 | N75: =MAX(C75:L75) -> 809.967 | O75: =_xlfn.PERCENTILE.INC(C75:L75, 0.9) -> 765.174
A76: 4_big.mtx | B76: CPU [ms] | C76: 1120 | D76: 1070 | E76: 1070 | F76: 1070 | G76: 1070 | H76: 1300 | I76: 1300 | J76: 1390 | K76: 1280 | L76: 1190 | M76: =AVERAGE(C76:L76) -> 1186 | N76: =MAX(C76:L76) -> 1390 | O76: =_xlfn.PERCENTILE.INC(C76:L76, 0.9) -> 1309
B77: REAL [ms] | C77: 1119.43 | D77: 1076.93 | E77: 1068.96 | F77: 1072.09 | G77: 1075.81 | H77: 1299.46 | I77: 1298.99 | J77: 1396.57 | K77: 1298.7 | L77: 1198.06 | M77: =AVERAGE(C77:L77) -> 1190.5 | N77: =MAX(C77:L77) -> 1396.57 | O77: =_xlfn.PERCENTILE.INC(C77:L77, 0.9) -> 1309.171
A78: 5_huge.mtx | B78: CPU [ms] | C78: 5200 | D78: 4610 | E78: 4900 | F78: 4580 | G78: 4620 | H78: 4620 | I78: 4500 | J78: 2930 | K78: 4600 | L78: 4430 | M78: =AVERAGE(C78:L78) -> 4499 | N78: =MAX(C78:L78) -> 5200 | O78: =_xlfn.PERCENTILE.INC(C78:L78, 0.9) -> 4930
B79: REAL [ms] | C79: 5222.87 | D79: 4615.79 | E79: 4922.06 | F79: 4590.75 | G79: 4626.96 | H79: 4628.31 | I79: 4519.67 | J79: 2928.55 | K79: 4610.46 | L79: 4439.07 | M79: =AVERAGE(C79:L79) -> 4510.449 | N79: =MAX(C79:L79) -> 5222.87 | O79: =_xlfn.PERCENTILE.INC(C79:L79, 0.9) -> 4952.141
A83: PARALLEL SIMD STATIC - 16 THREADS
A84: Matrix | B84: Metric | C84: Test 1 | D84: Test 2 | E84: Test 3 | F84: Test 4 | G84: Test 5 | H84: Test 6 | I84: Test 7 | J84: Test 8 | K84: Test 9 | L84: Test 10 | M84: Average | N84: Outlier | O84: 90th perc
A85: 1_little.mtx | B85: CPU [ms] | C85: 300 | D85: 320 | E85: 230 | F85: 320 | G85: 270 | H85: 250 | I85: 220 | J85: 960 | K85: 330 | L85: 220 | M85: =AVERAGE(C85:L85) -> 342 | N85: =MAX(C85:L85) -> 960 | O85: =_xlfn.PERCENTILE.INC(C85:L85, 0.9) -> 393
B86: REAL [ms] | C86: 302.699 | D86: 320.618 | E86: 227.766 | F86: 323.466 | G86: 272.17 | H86: 249.97 | I86: 219.369 | J86: 954.438 | K86: 335.103 | L86: 211.123 | M86: =AVERAGE(C86:L86) -> 341.6722 | N86: =MAX(C86:L86) -> 954.438 | O86: =_xlfn.PERCENTILE.INC(C86:L86, 0.9) -> 397.0365
A87: 2_small.mtx | B87: CPU [ms] | C87: 400 | D87: 520 | E87: 440 | F87: 460 | G87: 530 | H87: 520 | I87: 420 | J87: 480 | K87: 530 | L87: 390 | M87: =AVERAGE(C87:L87) -> 469 | N87: =MAX(C87:L87) -> 530 | O87: =_xlfn.PERCENTILE.INC(C87:L87, 0.9) -> 530
B88: REAL [ms] | C88: 400.801 | D88: 526.506 | E88: 432.804 | F88: 466.131 | G88: 533.215 | H88: 518.354 | I88: 425.239 | J88: 487.136 | K88: 523.244 | L88: 388.524 | M88: =AVERAGE(C88:L88) -> 470.1954 | N88: =MAX(C88:L88) -> 533.215 | O88: =_xlfn.PERCENTILE.INC(C88:L88, 0.9) -> 527.1769
A89: 3_medium.mtx | B89: CPU [ms] | C89: 1230 | D89: 780 | E89: 880 | F89: 950 | G89: 1510 | H89: 750 | I89: 730 | J89: 1060 | K89: 800 | L89: 910 | M89: =AVERAGE(C89:L89) -> 960 | N89: =MAX(C89:L89) -> 1510 | O89: =_xlfn.PERCENTILE.INC(C89:L89, 0.9) -> 1258
B90: REAL [ms] | C90: 1224.14 | D90: 768.933 | E90: 878.652 | F90: 956.546 | G90: 1512.16 | H90: 753.65 | I90: 714.145 | J90: 1052.16 | K90: 797.545 | L90: 925.96 | M90: =AVERAGE(C90:L90) -> 958.3891 | N90: =MAX(C90:L90) -> 1512.16 | O90: =_xlfn.PERCENTILE.INC(C90:L90, 0.9) -> 1252.942
A91: 4_big.mtx | B91: CPU [ms] | C91: 2120 | D91: 2780 | E91: 2600 | F91: 1990 | G91: 1290 | H91: 1380 | I91: 2720 | J91: 1190 | K91: 1610 | L91: 1960 | M91: =AVERAGE(C91:L91) -> 1964 | N91: =MAX(C91:L91) -> 2780 | O91: =_xlfn.PERCENTILE.INC(C91:L91, 0.9) -> 2726
B92: REAL [ms] | C92: 2129.92 | D92: 2796.43 | E92: 2613.12 | F92: 1990.57 | G92: 1302.12 | H92: 1374.68 | I92: 2713.89 | J92: 1190.37 | K92: 1622.89 | L92: 1962.18 | M92: =AVERAGE(C92:L92) -> 1969.617 | N92: =MAX(C92:L92) -> 2796.43 | O92: =_xlfn.PERCENTILE.INC(C92:L92, 0.9) -> 2722.144
A93: 5_huge.mtx | B93: CPU [ms] | C93: 2480 | D93: 3200 | E93: 4910 | F93: 3450 | G93: 2390 | H93: 3430 | I93: 2290 | J93: 2300 | K93: 2510 | L93: 3870 | M93: =AVERAGE(C93:L93) -> 3083 | N93: =MAX(C93:L93) -> 4910 | O93: =_xlfn.PERCENTILE.INC(C93:L93, 0.9) -> 3974
B94: REAL [ms] | C94: 2485.04 | D94: 3199.09 | E94: 4928.07 | F94: 3467.27 | G94: 2388.26 | H94: 3447.47 | I94: 2298.81 | J94: 2307.73 | K94: 2515.81 | L94: 3866.8 | M94: =AVERAGE(C94:L94) -> 3090.435 | N94: =MAX(C94:L94) -> 4928.07 | O94: =_xlfn.PERCENTILE.INC(C94:L94, 0.9) -> 3972.927
A96: PARALLEL SIMD DYNAMIC - 16 THREADS
A97: Matrix | B97: Metric | C97: Test 1 | D97: Test 2 | E97: Test 3 | F97: Test 4 | G97: Test 5 | H97: Test 6 | I97: Test 7 | J97: Test 8 | K97: Test 9 | L97: Test 10 | M97: Average | N97: Outlier | O97: 90th perc
A98: 1_little.mtx | B98: CPU [ms] | C98: 150 | D98: 150 | E98: 150 | F98: 160 | G98: 150 | H98: 150 | I98: 150 | J98: 160 | K98: 150 | L98: 180 | M98: =AVERAGE(C98:L98) -> 155 | N98: =MAX(C98:L98) -> 180 | O98: =_xlfn.PERCENTILE.INC(C98:L98, 0.9) -> 162
B99: REAL [ms] | C99: 153.54 | D99: 152.385 | E99: 152.788 | F99: 152.879 | G99: 152.621 | H99: 152.52 | I99: 152.251 | J99: 152.316 | K99: 152.341 | L99: 180.898 | M99: =AVERAGE(C99:L99) -> 155.4539 | N99: =MAX(C99:L99) -> 180.898 | O99: =_xlfn.PERCENTILE.INC(C99:L99, 0.9) -> 156.2758
A100: 2_small.mtx | B100: CPU [ms] | C100: 260 | D100: 260 | E100: 260 | F100: 260 | G100: 270 | H100: 250 | I100: 250 | J100: 260 | K100: 260 | L100: 250 | M100: =AVERAGE(C100:L100) -> 258 | N100: =MAX(C100:L100) -> 270 | O100: =_xlfn.PERCENTILE.INC(C100:L100, 0.9) -> 261
B101: REAL [ms] | C101: 259.277 | D101: 259.227 | E101: 259.223 | F101: 259.566 | G101: 258.698 | H101: 258.819 | I101: 258.772 | J101: 258.554 | K101: 259.152 | L101: 259.978 | M101: =AVERAGE(C101:L101) -> 259.1266 | N101: =MAX(C101:L101) -> 259.978 | O101: =_xlfn.PERCENTILE.INC(C101:L101, 0.9) -> 259.6072
A102: 3_medium.mtx | B102: CPU [ms] | C102: 690 | D102: 620 | E102: 610 | F102: 620 | G102: 630 | H102: 670 | I102: 670 | J102: 630 | K102: 620 | L102: 620 | M102: =AVERAGE(C102:L102) -> 638 | N102: =MAX(C102:L102) -> 690 | O102: =_xlfn.PERCENTILE.INC(C102:L102, 0.9) -> 672
B103: REAL [ms] | C103: 681.831 | D103: 622.576 | E103: 621.088 | F103: 614.258 | G103: 625.936 | H103: 677.457 | I103: 666.325 | J103: 626.205 | K103: 624.58 | L103: 623.741 | M103: =AVERAGE(C103:L103) -> 638.3997 | N103: =MAX(C103:L103) -> 681.831 | O103: =_xlfn.PERCENTILE.INC(C103:L103, 0.9) -> 677.8944
A104: 4_big.mtx | B104: CPU [ms] | C104: 1070 | D104: 1080 | E104: 1070 | F104: 1080 | G104: 1070 | H104: 1080 | I104: 1080 | J104: 1070 | K104: 1070 | L104: 1080 | M104: =AVERAGE(C104:L104) -> 1075 | N104: =MAX(C104:L104) -> 1080 | O104: =_xlfn.PERCENTILE.INC(C104:L104, 0.9) -> 1080
B105: REAL [ms] | C105: 1075.61 | D105: 1076.44 | E105: 1078.64 | F105: 1075.67 | G105: 1075.42 | H105: 1075.11 | I105: 1077.81 | J105: 1075.65 | K105: 1068.83 | L105: 1077.61 | M105: =AVERAGE(C105:L105) -> 1075.679 | N105: =MAX(C105:L105) -> 1078.64 | O105: =_xlfn.PERCENTILE.INC(C105:L105, 0.9) -> 1077.893
A106: 5_huge.mtx | B106: CPU [ms] | C106: 2280 | D106: 2210 | E106: 2260 | F106: 2220 | G106: 2240 | H106: 2190 | I106: 2150 | J106: 2280 | K106: 2170 | L106: 2270 | M106: =AVERAGE(C106:L106) -> 2227 | N106: =MAX(C106:L106) -> 2280 | O106: =_xlfn.PERCENTILE.INC(C106:L106, 0.9) -> 2280
B107: REAL [ms] | C107: 2280.19 | D107: 2219.46 | E107: 2260.76 | F107: 2231.93 | G107: 2230.06 | H107: 2183.81 | I107: 2157.23 | J107: 2280.59 | K107: 2173.57 | L107: 2275.47 | M107: =AVERAGE(C107:L107) -> 2229.307 | N107: =MAX(C107:L107) -> 2280.59 | O107: =_xlfn.PERCENTILE.INC(C107:L107, 0.9) -> 2280.23
A109: PARALLEL SIMD GUIDED - 16 THREADS
A110: Matrix | B110: Metric | C110: Test 1 | D110: Test 2 | E110: Test 3 | F110: Test 4 | G110: Test 5 | H110: Test 6 | I110: Test 7 | J110: Test 8 | K110: Test 9 | L110: Test 10 | M110: Average | N110: Outlier | O110: 90th perc
A111: 1_little.mtx | B111: CPU [ms] | C111: 150 | D111: 150 | E111: 150 | F111: 150 | G111: 140 | H111: 130 | I111: 130 | J111: 140 | K111: 140 | L111: 160 | M111: =AVERAGE(C111:L111) -> 144 | N111: =MAX(C111:L111) -> 160 | O111: =_xlfn.PERCENTILE.INC(C111:L111, 0.9) -> 151
B112: REAL [ms] | C112: 150.37 | D112: 142.43 | E112: 150.079 | F112: 142.934 | G112: 138.257 | H112: 136.784 | I112: 140.932 | J112: 137.871 | K112: 137.877 | L112: 152.118 | M112: =AVERAGE(C112:L112) -> 142.9652 | N112: =MAX(C112:L112) -> 152.118 | O112: =_xlfn.PERCENTILE.INC(C112:L112, 0.9) -> 150.5448
...

Sheet final_results
A1: ABSOLUTE COMPARISON
A2: Matrix | B2: Metric | C2: Sequential | D2: Parallel no simd | E2: Parallel simd | F2: Best | G2: Speed-Up
A3: 1_little.mtx | B3: CPU [ms] | C3: =sequential!O3 -> 284 | D3: =parallel_no_simd!F249 -> 130 | E3: =parallel_simd!F293 -> 131 | F3: =MIN(C3:E3) -> 130 | G3: =C3/D3 -> 2.1846154
B4: REAL [ms] | C4: =sequential!O4 -> 282.7915 | D4: =parallel_no_simd!F250 -> 124.7916 | E4: =parallel_simd!F294 -> 124.4472 | F4: =MIN(C4:E4) -> 124.4472 | G4: =C4/E4 -> 2.2723814
A5: 2_small.mtx | B5: CPU [ms] | C5: =sequential!O5 -> 826 | D5: =parallel_no_simd!F251 -> 240 | E5: =parallel_simd!F295 -> 240 | F5: =MIN(C5:E5) -> 240 | G5: =C5/D5 -> 3.4416667
B6: REAL [ms] | C6: =sequential!O6 -> 827.5504 | D6: =parallel_no_simd!F252 -> 234.7095 | E6: =parallel_simd!F296 -> 235.9917 | F6: =MIN(C6:E6) -> 234.7095 | G6: =C6/D6 -> 3.5258496
A7: 3_medium.mtx | B7: CPU [ms] | C7: =sequential!O7 -> 1162 | D7: =parallel_no_simd!F253 -> 450 | E7: =parallel_simd!F297 -> 450 | F7: =MIN(C7:E7) -> 450 | G7: =C7/E7 -> 2.5822222
B8: REAL [ms] | C8: =sequential!O8 -> 1174.137 | D8: =parallel_no_simd!F254 -> 450.208 | E8: =parallel_simd!F298 -> 441.1603 | F8: =MIN(C8:E8) -> 441.1603 | G8: =C8/E8 -> 2.6614748
A9: 4_big.mtx | B9: CPU [ms] | C9: =sequential!O9 -> 2400 | D9: =parallel_no_simd!F255 -> 830 | E9: =parallel_simd!F299 -> 889 | F9: =MIN(C9:E9) -> 830 | G9: =C9/D9 -> 2.8915663
B10: REAL [ms] | C10: =sequential!O10 -> 2400.128 | D10: =parallel_no_simd!F256 -> 829.8356 | E10: =parallel_simd!F300 -> 883.2338 | F10: =MIN(C10:E10) -> 829.8356 | G10: =C10/D10 -> 2.8922934
A11: 5_huge.mtx | B11: CPU [ms] | C11: =sequential!O11 -> 3735 | D11: =parallel_no_simd!F257 -> 2248 | E11: =parallel_simd!F301 -> 1742 | F11: =MIN(C11:E11) -> 1742 | G11: =C11/E11 -> 2.1440873
B12: REAL [ms] | C12: =sequential!O12 -> 3743.021 | D12: =parallel_no_simd!F258 -> 2262.799 | E12: =parallel_simd!F302 -> 1746.933 | F12: =MIN(C12:E12) -> 1746.933 | G12: =C12/E12 -> 2.1426242
